cohort_month,cohort_size,month_number,active_households,retention_pct
2010-01-01,535,0,535,100.0
2010-01-01,535,1,423,79.1
2010-01-01,535,2,422,78.9
2010-01-01,535,3,426,79.6
2010-01-01,535,4,420,78.5
2010-01-01,535,5,424,79.3
2010-01-01,535,6,421,78.7
2010-01-01,535,7,429,80.2
2010-01-01,535,8,433,80.9
2010-01-01,535,9,423,79.1
2010-01-01,535,10,429,80.2
2010-01-01,535,11,431,80.6
2010-01-01,535,12,432,80.7
2010-01-01,535,13,430,80.4
2010-01-01,535,14,431,80.6
2010-01-01,535,15,429,80.2
2010-01-01,535,16,430,80.4
2010-01-01,535,17,441,82.4
2010-01-01,535,18,436,81.5
2010-02-01,505,0,505,100.0
2010-02-01,505,1,411,81.4
2010-02-01,505,2,414,82.0
2010-02-01,505,3,397,78.6
2010-02-01,505,4,398,78.8
2010-02-01,505,5,406,80.4
2010-02-01,505,6,400,79.2
2010-02-01,505,7,399,79.0
2010-02-01,505,8,400,79.2
2010-02-01,505,9,395,78.2
2010-02-01,505,10,399,79.0
2010-02-01,505,11,395,78.2
2010-02-01,505,12,406,80.4
2010-02-01,505,13,415,82.2
2010-02-01,505,14,408,80.8
2010-02-01,505,15,413,81.8
2010-02-01,505,16,409,81.0
2010-02-01,505,17,409,81.0
2010-02-01,505,18,405,80.2
2010-03-01,711,0,711,100.0
2010-03-01,711,1,558,78.5
2010-03-01,711,2,563,79.2
2010-03-01,711,3,553,77.8
2010-03-01,711,4,560,78.8
2010-03-01,711,5,575,80.9
2010-03-01,711,6,554,77.9
2010-03-01,711,7,559,78.6
2010-03-01,711,8,548,77.1
2010-03-01,711,9,571,80.3
2010-03-01,711,10,570,80.2
2010-03-01,711,11,587,82.6
2010-03-01,711,12,576,81.0
2010-03-01,711,13,583,82.0
2010-03-01,711,14,592,83.3
2010-03-01,711,15,567,79.7
2010-03-01,711,16,575,80.9
2010-03-01,711,17,580,81.6
2010-03-01,711,18,572,80.5
2010-04-01,725,0,725,100.0
2010-04-01,725,1,591,81.5
2010-04-01,725,2,588,81.1
2010-04-01,725,3,574,79.2
2010-04-01,725,4,581,80.1
2010-04-01,725,5,586,80.8
2010-04-01,725,6,574,79.2
2010-04-01,725,7,588,81.1
2010-04-01,725,8,573,79.0
2010-04-01,725,9,574,79.2
2010-04-01,725,10,602,83.0
2010-04-01,725,11,598,82.5
2010-04-01,725,12,589,81.2
2010-04-01,725,13,568,78.3
2010-04-01,725,14,587,81.0
2010-04-01,725,15,593,81.8
2010-04-01,725,16,599,82.6
2010-04-01,725,17,595,82.1
2010-04-01,725,18,603,83.2
2010-05-01,6,0,6,100.0
2010-05-01,6,1,2,33.3
2010-05-01,6,2,4,66.7
2010-05-01,6,3,6,100.0
2010-05-01,6,4,6,100.0
2010-05-01,6,5,6,100.0
2010-05-01,6,6,4,66.7
2010-05-01,6,7,6,100.0
2010-05-01,6,8,5,83.3
2010-05-01,6,9,4,66.7
2010-05-01,6,10,5,83.3
2010-05-01,6,11,4,66.7
2010-05-01,6,12,6,100.0
2010-05-01,6,13,4,66.7
2010-05-01,6,14,3,50.0
2010-05-01,6,15,4,66.7
2010-05-01,6,16,5,83.3
2010-05-01,6,17,3,50.0
2010-05-01,6,18,4,66.7
