category,households,avg_visits_90d,expected_visits,diff_visits,uplift_pct,ci95_visits,significant
SEAFOOD - SHELF STABLE,107,12.83,11.06,1.78,16.1,2.10,no
PAPER TOWELS,142,12.80,11.19,1.61,14.4,1.72,no
BATH TISSUES,155,12.39,11.23,1.16,10.3,1.52,no
SOFT DRINKS,742,12.65,11.49,1.16,10.1,0.84,yes
LAUNDRY DETERGENTS,115,12.37,11.33,1.03,9.1,1.92,no
PAPER HOUSEWARES,116,12.20,11.23,0.97,8.6,1.85,no
CANDY - CHECKLANE,231,12.67,11.67,0.99,8.5,1.67,no
BREAKFAST SAUSAGE/SANDWICHES,147,12.12,11.16,0.95,8.5,1.65,no
CANNED JUICES,246,12.09,11.19,0.90,8.0,1.27,no
COFFEE,142,11.96,11.14,0.82,7.4,1.76,no
VEGETABLES - SHELF STABLE,273,11.90,11.11,0.79,7.1,1.26,no
PICKLE/RELISH/PKLD VEG,104,11.89,11.12,0.78,7.0,1.82,no
STONE FRUIT,102,12.04,11.26,0.78,7.0,1.89,no
EGGS,334,12.07,11.29,0.78,6.9,1.13,no
TOMATOES,210,11.96,11.20,0.76,6.8,1.44,no
MARGARINES,178,11.90,11.18,0.72,6.5,1.62,no
CONDIMENTS/SAUCES,311,11.91,11.19,0.72,6.4,1.08,no
MEAT - SHELF STABLE,165,11.87,11.16,0.71,6.3,1.54,no
DELI MEATS,204,11.97,11.27,0.70,6.2,1.35,no
FRZN VEGETABLE/VEG DSH,116,11.80,11.14,0.67,6.0,1.98,no
MISC. DAIRY,109,11.83,11.20,0.63,5.6,1.69,no
HISPANIC,189,11.62,11.04,0.58,5.3,1.43,no
REFRGRATD DOUGH PRODUCTS,136,11.68,11.22,0.47,4.2,1.76,no
PASTA SAUCE,172,11.54,11.10,0.44,4.0,1.40,no
PEPPERS-ALL,121,11.62,11.18,0.44,4.0,1.82,no
BAKED BREAD/BUNS/ROLLS,772,11.75,11.34,0.41,3.7,0.73,no
DRY BN/VEG/POTATO/RICE,186,11.47,11.11,0.36,3.3,1.46,no
DRY NOODLES/PASTA,181,11.37,11.02,0.35,3.2,1.47,no
MILK BY-PRODUCTS,259,11.55,11.19,0.36,3.2,1.28,no
YOGURT,227,11.56,11.24,0.33,2.9,1.25,no
APPLES,149,11.46,11.19,0.27,2.4,1.61,no
CHEESES,141,11.53,11.26,0.27,2.4,1.45,no
FD WRAPS/BAGS/TRSH BG,172,11.37,11.11,0.25,2.3,1.42,no
SUGARS/SWEETNERS,125,11.50,11.26,0.24,2.1,1.76,no
BEERS/ALES,185,11.61,11.41,0.19,1.7,1.50,no
FROZEN PIZZA,274,11.41,11.23,0.18,1.6,1.39,no
GRAPES,132,11.29,11.18,0.11,0.9,1.78,no
CONVENIENT BRKFST/WHLSM SNACKS,185,11.25,11.15,0.10,0.9,1.39,no
BACON,140,11.31,11.21,0.10,0.9,1.60,no
SOUP,236,11.24,11.18,0.06,0.5,1.20,no
BAG SNACKS,516,11.35,11.30,0.05,0.5,0.97,no
FROZEN MEAT,127,11.10,11.06,0.04,0.4,1.66,no
DINNER MXS:DRY,179,11.04,11.00,0.04,0.3,1.46,no
SPICES & EXTRACTS,136,11.09,11.07,0.02,0.2,1.72,no
FRUIT - SHELF STABLE,168,11.07,11.07,0.00,0.0,1.48,no
REFRGRATD JUICES/DRNKS,359,11.26,11.27,-0.01,-0.1,1.02,no
TROPICAL FRUIT,424,11.28,11.30,-0.02,-0.2,0.96,no
FRZN NOVELTIES/WTR ICE,152,11.36,11.39,-0.03,-0.3,1.56,no
BEEF,467,11.19,11.26,-0.07,-0.6,0.91,no
BEANS - CANNED GLASS & MW,154,11.05,11.15,-0.10,-0.9,1.67,no
WATER - CARBONATED/FLVRD DRINK,227,11.27,11.39,-0.12,-1.0,1.44,no
COLD CEREAL,365,11.07,11.19,-0.13,-1.1,0.99,no
PORK,189,11.04,11.20,-0.16,-1.4,1.47,no
FLUID MILK PRODUCTS,797,11.15,11.35,-0.20,-1.8,0.67,no
BAKING MIXES,110,10.94,11.16,-0.22,-2.0,2.03,no
SHORTENING/OIL,115,10.88,11.11,-0.23,-2.1,1.72,no
ONIONS,182,10.92,11.19,-0.27,-2.4,1.44,no
CANDY - PACKAGED,198,11.19,11.47,-0.28,-2.4,1.65,no
VEGETABLES SALAD,153,10.78,11.10,-0.32,-2.9,1.56,no
CHEESE,580,10.92,11.24,-0.32,-2.9,0.76,no
COOKIES/CONES,252,10.88,11.23,-0.34,-3.0,1.17,no
POTATOES,182,10.84,11.17,-0.33,-3.0,1.33,no
ICE CREAM/MILK/SHERBTS,261,11.04,11.40,-0.36,-3.2,1.13,no
SALAD MIX,186,10.73,11.17,-0.45,-4.0,1.37,no
LUNCHMEAT,334,10.78,11.24,-0.46,-4.1,0.97,no
FRZN MEAT/MEAT DINNERS,304,10.75,11.24,-0.49,-4.3,1.05,no
VEGETABLES - ALL OTHERS,194,10.73,11.24,-0.50,-4.5,1.30,no
HOT DOGS,191,10.68,11.20,-0.52,-4.7,1.39,no
PNT BTR/JELLY/JAMS,148,10.53,11.09,-0.56,-5.1,1.39,no
BERRIES,166,10.64,11.24,-0.60,-5.4,1.46,no
BAKED SWEET GOODS,217,10.68,11.29,-0.61,-5.4,1.24,no
CHICKEN,225,10.58,11.27,-0.69,-6.1,1.34,no
CITRUS,104,10.53,11.28,-0.75,-6.6,1.76,no
SALD DRSNG/SNDWCH SPRD,282,10.45,11.22,-0.77,-6.9,1.02,no
MEAT - MISC,133,10.35,11.16,-0.81,-7.2,1.66,no
CRACKERS/MISC BKD FD,279,10.38,11.19,-0.81,-7.2,1.03,no
DINNER SAUSAGE,178,10.31,11.28,-0.97,-8.6,1.55,no
