month_start,days_in_data,baskets,active_households,revenue
2010-01-01,31,1968,535,57100
2010-02-01,28,3797,932,108534
2010-03-01,31,7640,1547,209135
2010-04-01,30,11139,2129,297721
2010-05-01,31,12248,1993,322997
2010-06-01,30,11645,1992,321157
2010-07-01,31,11434,1976,323055
2010-08-01,31,11643,2000,334820
2010-09-01,30,11454,2000,341671
2010-10-01,31,11619,1997,350198
2010-11-01,30,11634,1977,349122
2010-12-01,31,11821,1984,348291
2011-01-01,31,11792,1995,347793
2011-02-01,28,10994,2014,324576
2011-03-01,31,12265,2019,359253
2011-04-01,30,11855,2032,335343
2011-05-01,31,12269,2043,353584
2011-06-01,30,11303,2000,333808
2011-07-01,31,11740,2017,338927
2011-08-01,31,12128,2079,374969
2011-09-01,30,11406,2011,353513
2011-10-01,31,11790,2051,381433
2011-11-01,30,11147,2032,376626
2011-12-01,12,4229,1575,132213
